{
    "loss": 0.9691299796104431,
    "accuracy": 0.8362069129943848
}